CO2,CH4,CO,N2O,NO
3.666666667,0.016,0.14,0.011,0.397571429
